image_quality_ssim,image_quality_fid,image_diversity,training_stability,overfitting_metric,lpips_score,generator_loss,discriminator_loss,Score,Ranking,Experiment,Epoch,learning_rate
0.09359254299266656,1.6601839371968947,0.11676341499396896,0.7202785751800451,7.896666734097128,0.5892167516474567,7.00211176671688,0.9106873469471366,0.09359254299266656,1,1,2,0.000171
0.04290305356965215,14.107133765632403,0.16149607152648301,0.9123142075394415,12.527464836044901,0.6444051518458648,15.424668727892834,1.2538011723785039,0.04290305356965215,1,2,1,0.000126
0.0550987545564484,2.666496358780295,0.08622719390454245,0.874489525858727,10.017865455927442,0.6227151355561568,9.993838981712035,1.0472079446954186,0.0550987545564484,2,1,1,0.000171
0.039759110386527,14.043825549280994,0.16245034517572185,0.9331929378855948,13.356762342204417,0.6472950086441053,15.424925888884124,1.2361257420896918,0.039759110386527,2,2,2,0.000126
0.05324838116117836,3.827462523456425,0.13797949312015728,0.633255455551698,6.6436338939985005,0.5757059472585191,4.792865743569288,0.922871560070187,0.05324838116117836,3,1,3,0.000171
